Workbook

Sheet Eliora
A1: Eliora
A2: Agreement as to share of cost responsibility | E2: Running Balance: | F2: =Summary!K15 -> Nick owes Emma | H2: =Summary!K16 -> 329.2694
A3: Emma | B3: 0.57
A4: Nick | B4: =1-B3 -> 0.43
A6: Term Costs | B6: Paid By | E6: Term Costs | F6: Paid By | I6: Term Costs | J6: Paid By | M6: Term Costs | N6: Paid By
A7: Term 1 | B7: Emma | C7: Nick | E7: Term 2 | F7: Emma | G7: Nick | I7: Term 3 | J7: Emma | K7: Nick | M7: Term 4 | N7: Emma | O7: Nick
A8: school shoes | B8: 95.13 | E8: dance term 2 fees | F8: 237.5 | I8: Intensive Swim Y2 | K8: 70 | M8: dance concert installment | N8: 89.17
A9: swimming lessons intensive | B9: 66.5 | E9: costume deposit | F9: 50 | I9: Nutcracker | K9: 100 | M9: dance concert installment 21st oct | N9: 89.17
A10: backpack | B10: 68.71 | E10: excursion | G10: 59 | I10: KC dance concert installment | J10: 61.37 | M10: dance installment | N10: 89.16
A11: Eliora Psychn 9th Jan | C11: 210 | I11: dance term 3 fees | J11: 237.5 | M11: jazz shoes | N11: 69.95
A12: psych 23rd Jan | B12: 116.65 | I12: ADHD assessment deposit | J12: 250 | M12: ADHD assessment remainder
A13: Psych 6th Feb | B13: 116.65 | M13: laptop | O13: 279
A14: Dance enrolment | B14: 50
A15: Dance uniform | B15: 67
A16: Psych 20/02 | B16: 116.65
A17: Paed 21/02 | B17: 193.3
A18: Dance term 1 fees | B18: 187.5
A19: Psych 05/03 | B19: 116.65
A20: Psych 18/03 | B20: 52.55
A21: Paed/meds 26/03 | B21: 64.75
A22: School fees | B22: 90
A24: PAID TOTAL | B24: =SUM(B8:B23) -> 1402.04 | C24: =SUM(C8:C23) -> 210 | E24: TOTAL | F24: =SUM(F8:F23) -> 287.5 | G24: =SUM(G8:G23) -> 59 | I24: TOTAL | J24: =SUM(J8:J23) -> 548.87 | K24: =SUM(K8:K23) -> 170 | M24: TOTAL | N24: =SUM(N8:N23) -> 337.45 | O24: =SUM(O8:O23) -> 279
A25: RUNNING TOTAL | C25: =B24+C24 -> 1612.04 | G25: =F24+G24+C25 -> 1958.54 | K25: =J24+K24+G25 -> 2677.41 | O25: =N24+O24+K25 -> 3293.86
M27: Emma total share | O27: =O25*B3 -> 1877.5002
M28: Nick total share | O28: =O25*B4 -> 1416.3598
M30: Emma total paid | O30: =B24+F24+J24+N24 -> 2575.86
M31: Nick total paid | O31: =C24+G24+K24+O24 -> 718
M33: Emma total balance | O33: =O30-O27 -> 698.3598
M34: Nick total balance | O34: =O31-O28 -> -698.3598
M36: Difference:
M37: =if(O33<0,"Emma owes Nick ", "Nick owes Emma ") -> Nick owes Emma | O37: =if(O33<0,O34, O33) -> 698.3598

Sheet Annika
A1: Annika
A2: Agreement as to share of cost responsibility | E2: Running Balance: | F2: =Summary!K15 -> Nick owes Emma | H2: =Summary!K16 -> 329.2694
A3: Emma | B3: 0.57
A4: Nick | B4: =1-B3 -> 0.43
A6: Term Costs | B6: Paid By | E6: Term Costs | F6: Paid By | I6: Term Costs | J6: Paid By | M6: Term Costs | N6: Paid By
A7: Term 1 | B7: Emma | C7: Nick | E7: Term 2 | F7: Emma | G7: Nick | I7: Term 3 | J7: Emma | K7: Nick | M7: Term 4 | N7: Emma | O7: Nick
A8: school shoes | B8: 71.96 | E8: band camp | F8: 80 | I8: Nutcracker | K8: 100 | M8: VPS band fees | N8: 130
A9: swimming lessons intensive | B9: 66.5 | E9: Trumpet lessons | F9: 315 | I9: trumpet lessons | J9: 315 | M9: Ice skate W1-5 | O9: 115
A10: school fees | C10: 90 | I10: concert costumes | J10: 59.94 | M10: nutcracker costumes | O10: 110
A11: school camp y5 | C11: 495 | M11: solos accompanist & entry fees | N11: 75
A12: football registration | C12: 303.3 | M12: y6 uniforms | N12: 114
A13: trumpet lessons | B13: 280 | M13: Ice skate W6-10 | O13: 66
M14: trumpet lessons | N14: 353
A18: PAID TOTAL | B18: =SUM(B8:B17) -> 418.46 | C18: =SUM(C8:C17) -> 888.3 | E18: TOTAL | F18: =SUM(F8:F17) -> 395 | G18: =SUM(G8:G17) -> 0 | I18: TOTAL | J18: =SUM(J8:J17) -> 374.94 | K18: =SUM(K8:K17) -> 100 | M18: TOTAL | N18: =SUM(N8:N17) -> 672 | O18: =SUM(O8:O17) -> 291
A19: RUNNING TOTAL | C19: =B18+C18 -> 1306.76 | G19: =F18+G18+C19 -> 1701.76 | K19: =J18+K18+G19 -> 2176.7 | O19: =N18+O18+K19 -> 3139.7
M21: Emma total share | O21: =O19*B3 -> 1789.629
M22: Nick total share | O22: =O19*B4 -> 1350.071
M24: Emma total paid | O24: =B18+F18+J18+N18 -> 1860.4
M25: Nick total paid | O25: =C18+G18+K18+O18 -> 1279.3
M27: Emma total balance | O27: =O24-O21 -> 70.771
M28: Nick total balance | O28: =O25-O22 -> -70.771
M30: Difference:
M31: =if(O27<0,"Emma owes Nick ", "Nick owes Emma ") -> Nick owes Emma | O31: =if(O27<0,O28, O27) -> 70.771

Sheet Malachi
A1: Malachi
A2: Agreement as to share of cost responsibility | E2: Running Balance: | F2: =Summary!K15 -> Nick owes Emma | H2: =Summary!K16 -> 329.2694
A3: Emma | B3: 0.43
A4: Nick | B4: =1-B3 -> 0.57
A6: Term Costs | B6: Paid By | E6: Term Costs | F6: Paid By | I6: Term Costs | J6: Paid By | M6: Term Costs | N6: Paid By
A7: Term 1 | B7: Emma | C7: Nick | E7: Term 2 | F7: Emma | G7: Nick | I7: Term 3 | J7: Emma | K7: Nick | M7: Term 4 | N7: Emma | O7: Nick
A8: school shoes | B8: 134.8 | E8: Band Link | G8: 80 | I8: Karate tournament | K8: 60 | M8: Karate grading | O8: 50
A9: clarinet music | B9: 52.95 | E9: Uniform | G9: 80.15 | I9: clarinet lessons | J9: 160 | M9: solos accompanist & entry fees | N9: 65
A10: backpack | B10: 68.71 | E10: Karate | G10: 458.4 | M10: Karate term3-4 | O10: 500.2
A11: book pack | B11: 51.37 | E11: clarinet lessons | F11: 256 | M11: swim focus | O11: 80
A12: uniforms | B12: 316 | E12: reeds and equipment | F12: 118 | M12: clarinet | O12: 245
A13: school fees | C13: 325
A14: School Camp | C14: 280
A15: Clarinet lessons | B15: 96
A16: Karate | C16: 612.4
A18: PAID TOTAL | B18: =SUM(B8:B17) -> 719.83 | C18: =SUM(C8:C17) -> 1217.4 | E18: TOTAL | F18: =SUM(F8:F17) -> 374 | G18: =SUM(G8:G17) -> 618.55 | I18: TOTAL | J18: =SUM(J8:J17) -> 160 | K18: =SUM(K8:K17) -> 60 | M18: TOTAL | N18: =SUM(N8:N17) -> 65 | O18: =SUM(O8:O17) -> 875.2
A19: RUNNING TOTAL | C19: =B18+C18 -> 1937.23 | G19: =F18+G18+C19 -> 2929.78 | K19: =J18+K18+G19 -> 3149.78 | O19: =N18+O18+K19 -> 4089.98
M21: Emma total share | O21: =O19*B3 -> 1758.6914
M22: Nick total share | O22: =O19*B4 -> 2331.2886
M24: Emma total paid | O24: =B18+F18+J18+N18 -> 1318.83
M25: Nick total paid | O25: =C18+G18+K18+O18 -> 2771.15
M27: Emma total balance | O27: =O24-O21 -> -439.8614
M28: Nick total balance | O28: =O25-O22 -> 439.8614
M30: Difference:
M31: =if(O27<0,"Emma owes Nick ", "Nick owes Emma ") -> Emma owes Nick | O31: =if(O27<0,O28, O27) -> 439.8614

Sheet Summary
A1: All Kids Summary
A2: Agreement as to share of cost responsibility | D2: Running Balance: | E2: =K15 -> Nick owes Emma | G2: =K16 -> 329.2694 | H2: =N16
A4: ELIORA | D4: ANNIKA | G4: MALACHI | J4: TOTAL
A5: Emma total share | B5: =Eliora!O27 -> 1877.5002 | D5: Emma total share | E5: =Annika!O21 -> 1789.629 | G5: Emma total share | H5: =Malachi!O21 -> 1758.6914
A6: Nick total share | B6: =Eliora!O28 -> 1416.3598 | D6: Nick total share | E6: =Annika!O22 -> 1350.071 | G6: Nick total share | H6: =Malachi!O22 -> 2331.2886
B7: =Eliora!O29 | E7: =Annika!O23 | H7: =Malachi!O23
A8: Emma total paid | B8: =Eliora!O30 -> 2575.86 | D8: Emma total paid | E8: =Annika!O24 -> 1860.4 | G8: Emma total paid | H8: =Malachi!O24 -> 1318.83
A9: Nick total paid | B9: =Eliora!O31 -> 718 | D9: Nick total paid | E9: =Annika!O25 -> 1279.3 | G9: Nick total paid | H9: =Malachi!O25 -> 2771.15
B10: =Eliora!O32 | E10: =Annika!O26 | H10: =Malachi!O26
A11: Emma total balance | B11: =Eliora!O33 -> 698.3598 | D11: Emma total balance | E11: =Annika!O27 -> 70.771 | G11: Emma total balance | H11: =Malachi!O27 -> -439.8614 | J11: Emma Yearly Balance | K11: =B11+E11+H11 -> 329.2694
A12: Nick total balance | B12: =Eliora!O34 -> -698.3598 | D12: Nick total balance | E12: =Annika!O28 -> -70.771 | G12: Nick total balance | H12: =Malachi!O28 -> 439.8614 | J12: Nick Yearly Balance | K12: =B12+E12+H12 -> -329.2694
B13: =Eliora!O35 | E13: =Annika!O29 | H13: =Malachi!O29
K15: =if(K11<0,"Emma owes Nick ", "Nick owes Emma ") -> Nick owes Emma
K16: =if(K11<0,K12, K11) -> 329.2694
